{"cameraMode":{"drawMode":0,"name":"Shaded","section":"Shading Mode"},"sceneLighting":false,"audioPlay":false,"sceneViewState":{"showFog":false,"showMaterialUpdate":false,"showSkybox":false,"showFlares":false,"showImageEffects":false,"showParticleSystems":true},"in2DMode":false,"pivot":{"x":-0.12503641843795777,"y":0.7088186740875244,"z":-0.0778384804725647},"rotation":{"x":0.1405055820941925,"y":0.019892113283276559,"z":-0.002823652233928442,"w":0.9898759722709656},"size":3.4459762573242189,"orthographic":false}