{"cameraMode":{"drawMode":0,"name":"Shaded","section":"Shading Mode"},"sceneLighting":false,"audioPlay":false,"sceneViewState":{"showFog":false,"showMaterialUpdate":false,"showSkybox":false,"showFlares":false,"showImageEffects":false,"showParticleSystems":true},"in2DMode":false,"pivot":{"x":0.008706510066986084,"y":0.8119809031486511,"z":-0.021063506603240968},"rotation":{"x":0.1405055820941925,"y":0.019892113283276559,"z":-0.002823652233928442,"w":0.9898759722709656},"size":3.472618818283081,"orthographic":false}