{"cameraMode":{"drawMode":0,"name":"Shaded","section":"Shading Mode"},"sceneLighting":false,"audioPlay":false,"sceneViewState":{"showFog":false,"showMaterialUpdate":false,"showSkybox":false,"showFlares":false,"showImageEffects":false,"showParticleSystems":true},"in2DMode":false,"pivot":{"x":0.0019649341702461244,"y":0.08133770525455475,"z":0.0034725069999694826},"rotation":{"x":0.1405055820941925,"y":0.019892113283276559,"z":-0.002823652233928442,"w":0.9898759722709656},"size":0.6106986403465271,"orthographic":false}