{"cameraMode":{"drawMode":0,"name":"Shaded","section":"Shading Mode"},"sceneLighting":false,"audioPlay":false,"sceneViewState":{"showFog":false,"showMaterialUpdate":false,"showSkybox":false,"showFlares":false,"showImageEffects":false,"showParticleSystems":true},"in2DMode":false,"pivot":{"x":-7.559473991394043,"y":4.664111614227295,"z":-1.0846598148345948},"rotation":{"x":0.1405055820941925,"y":0.019892113283276559,"z":-0.002823652233928442,"w":0.9898759722709656},"size":19.794384002685548,"orthographic":false}