{"cameraMode":{"drawMode":0,"name":"Shaded","section":"Shading Mode"},"sceneLighting":false,"audioPlay":false,"sceneViewState":{"showFog":false,"showMaterialUpdate":false,"showSkybox":false,"showFlares":false,"showImageEffects":false,"showParticleSystems":true},"in2DMode":false,"pivot":{"x":1.0015151500701905,"y":0.5570683479309082,"z":0.8958981037139893},"rotation":{"x":0.1405055820941925,"y":0.019892113283276559,"z":-0.002823652233928442,"w":0.9898759722709656},"size":2.351047992706299,"orthographic":false}